Year,Manufacturer,Category,Total Vehicles,YoY Growth (%)
2023,Bajaj,2W,40000,
2024,Bajaj,2W,43000,7.499999999999996
2025,Bajaj,2W,47000,9.302325581395344
2023,Hero,2W,50000,
2024,Hero,2W,62000,24.0
2025,Hero,2W,70000,12.903225806451623
